location_id,location_name,company_id,country,city,region,location_type
LOC000001,Monterrey - Office,C001,Mexico,Monterrey,Americas,Office
LOC000002,Rotterdam - Office,C031,Netherlands,Rotterdam,EMEA,Office
LOC000003,San Francisco - Client Site,C012,United States,San Francisco,Americas,Client Site
LOC000004,Melbourne - Remote,C008,Australia,Melbourne,APAC,Remote
LOC000005,Mumbai - Office,C026,India,Mumbai,APAC,Office
LOC000006,Rotterdam - Office,C005,Netherlands,Rotterdam,EMEA,Office
LOC000007,Pune - Remote,C024,India,Pune,APAC,Remote
LOC000008,Chicago - Office,C039,United States,Chicago,Americas,Office
LOC000009,Sharjah - Office,C013,United Arab Emirates,Sharjah,EMEA,Office
LOC000010,Utrecht - Office,C005,Netherlands,Utrecht,EMEA,Office
LOC000011,Chennai - Client Site,C004,India,Chennai,APAC,Client Site
LOC000012,Brisbane - Remote,C029,Australia,Brisbane,APAC,Remote
LOC000013,The Hague - Office,C005,Netherlands,The Hague,EMEA,Office
LOC000014,Dallas - Client Site,C019,United States,Dallas,Americas,Client Site
LOC000015,Amsterdam - Remote,C040,Netherlands,Amsterdam,EMEA,Remote
LOC000016,Delhi - Remote,C026,India,Delhi,APAC,Remote
LOC000017,Hyderabad - Office,C004,India,Hyderabad,APAC,Office
LOC000018,Yokohama - Client Site,C038,Japan,Yokohama,APAC,Client Site
LOC000019,Canberra - Office,C017,Australia,Canberra,APAC,Office
LOC000020,Pretoria - Office,C032,South Africa,Pretoria,EMEA,Office
LOC000021,Hamburg - Client Site,C011,Germany,Hamburg,EMEA,Client Site
LOC000022,Montreal - Office,C007,Canada,Montreal,Americas,Office
LOC000023,Rotterdam - Office,C031,Netherlands,Rotterdam,EMEA,Office
LOC000024,Delhi - Office,C035,India,Delhi,APAC,Office
LOC000025,Atlanta - Office,C037,United States,Atlanta,Americas,Office
LOC000026,London - Office,C015,United Kingdom,London,EMEA,Office
LOC000027,Chennai - Office,C004,India,Chennai,APAC,Office
LOC000028,Frankfurt - Remote,C033,Germany,Frankfurt,EMEA,Remote
LOC000029,Mumbai - Office,C021,India,Mumbai,APAC,Office
LOC000030,Utrecht - Office,C031,Netherlands,Utrecht,EMEA,Office
LOC000031,Frankfurt - Office,C028,Germany,Frankfurt,EMEA,Office
LOC000032,Amsterdam - Office,C031,Netherlands,Amsterdam,EMEA,Office
LOC000033,Monterrey - Office,C022,Mexico,Monterrey,Americas,Office
LOC000034,Frankfurt - Office,C028,Germany,Frankfurt,EMEA,Office
LOC000035,Brasilia - Shared Service Center,C002,Brazil,Brasilia,Americas,Shared Service Center
LOC000036,Mumbai - Office,C016,India,Mumbai,APAC,Office
LOC000037,Amsterdam - Shared Service Center,C040,Netherlands,Amsterdam,EMEA,Shared Service Center
LOC000038,Rio de Janeiro - Shared Service Center,C002,Brazil,Rio de Janeiro,Americas,Shared Service Center
LOC000039,Canberra - Remote,C034,Australia,Canberra,APAC,Remote
LOC000040,Delhi - Shared Service Center,C021,India,Delhi,APAC,Shared Service Center
LOC000041,Munich - Office,C028,Germany,Munich,EMEA,Office
LOC000042,Perth - Office,C008,Australia,Perth,APAC,Office
LOC000043,Perth - Office,C017,Australia,Perth,APAC,Office
LOC000044,Utrecht - Office,C040,Netherlands,Utrecht,EMEA,Office
LOC000045,London - Client Site,C020,United Kingdom,London,EMEA,Client Site
LOC000046,The Hague - Remote,C031,Netherlands,The Hague,EMEA,Remote
LOC000047,Melbourne - Office,C017,Australia,Melbourne,APAC,Office
LOC000048,Hyderabad - Shared Service Center,C024,India,Hyderabad,APAC,Shared Service Center
LOC000049,Guadalajara - Office,C009,Mexico,Guadalajara,Americas,Office
LOC000050,Chennai - Office,C026,India,Chennai,APAC,Office
LOC000051,Munich - Office,C011,Germany,Munich,EMEA,Office
LOC000052,Perth - Client Site,C034,Australia,Perth,APAC,Client Site
LOC000053,Utrecht - Remote,C040,Netherlands,Utrecht,EMEA,Remote
LOC000054,Berlin - Client Site,C018,Germany,Berlin,EMEA,Client Site
LOC000055,Queretaro - Office,C001,Mexico,Queretaro,Americas,Office
LOC000056,Seattle - Office,C019,United States,Seattle,Americas,Office
LOC000057,Berlin - Office,C028,Germany,Berlin,EMEA,Office
LOC000058,Utrecht - Office,C031,Netherlands,Utrecht,EMEA,Office
LOC000059,Delhi - Remote,C016,India,Delhi,APAC,Remote
LOC000060,Hamburg - Office,C018,Germany,Hamburg,EMEA,Office
LOC000061,Seattle - Shared Service Center,C027,United States,Seattle,Americas,Shared Service Center
LOC000062,Toronto - Remote,C007,Canada,Toronto,Americas,Remote
LOC000063,Curitiba - Office,C006,Brazil,Curitiba,Americas,Office
LOC000064,Chicago - Office,C027,United States,Chicago,Americas,Office
LOC000065,Berlin - Office,C003,Germany,Berlin,EMEA,Office
LOC000066,Brasilia - Office,C002,Brazil,Brasilia,Americas,Office
LOC000067,Monterrey - Office,C009,Mexico,Monterrey,Americas,Office
LOC000068,Canberra - Office,C008,Australia,Canberra,APAC,Office
LOC000069,Hyderabad - Office,C016,India,Hyderabad,APAC,Office
LOC000070,Durban - Office,C032,South Africa,Durban,EMEA,Office
LOC000071,Canberra - Remote,C017,Australia,Canberra,APAC,Remote
LOC000072,Utrecht - Office,C031,Netherlands,Utrecht,EMEA,Office
LOC000073,Guadalajara - Office,C009,Mexico,Guadalajara,Americas,Office
LOC000074,Monterrey - Office,C001,Mexico,Monterrey,Americas,Office
LOC000075,Hamburg - Office,C014,Germany,Hamburg,EMEA,Office
LOC000076,Munich - Office,C018,Germany,Munich,EMEA,Office
LOC000077,Calgary - Remote,C007,Canada,Calgary,Americas,Remote
LOC000078,Edinburgh - Office,C020,United Kingdom,Edinburgh,EMEA,Office
LOC000079,Mumbai - Remote,C025,India,Mumbai,APAC,Remote
LOC000080,Queretaro - Office,C022,Mexico,Queretaro,Americas,Office
LOC000081,Munich - Office,C011,Germany,Munich,EMEA,Office
LOC000082,Atlanta - Office,C036,United States,Atlanta,Americas,Office
LOC000083,Chennai - Office,C004,India,Chennai,APAC,Office
LOC000084,Brisbane - Client Site,C029,Australia,Brisbane,APAC,Client Site
LOC000085,Manchester - Office,C020,United Kingdom,Manchester,EMEA,Office
LOC000086,Perth - Office,C029,Australia,Perth,APAC,Office
LOC000087,Pune - Office,C024,India,Pune,APAC,Office
LOC000088,Sao Paulo - Office,C006,Brazil,Sao Paulo,Americas,Office
LOC000089,Brasilia - Remote,C006,Brazil,Brasilia,Americas,Remote
LOC000090,Amsterdam - Office,C005,Netherlands,Amsterdam,EMEA,Office
LOC000091,Abu Dhabi - Office,C013,United Arab Emirates,Abu Dhabi,EMEA,Office
LOC000092,Canberra - Office,C034,Australia,Canberra,APAC,Office
LOC000093,Sydney - Office,C034,Australia,Sydney,APAC,Office
LOC000094,Mumbai - Office,C030,India,Mumbai,APAC,Office
LOC000095,Edinburgh - Office,C015,United Kingdom,Edinburgh,EMEA,Office
LOC000096,Durban - Client Site,C032,South Africa,Durban,EMEA,Client Site
LOC000097,Utrecht - Office,C031,Netherlands,Utrecht,EMEA,Office
LOC000098,Mumbai - Shared Service Center,C030,India,Mumbai,APAC,Shared Service Center
LOC000099,Johannesburg - Office,C032,South Africa,Johannesburg,EMEA,Office
LOC000100,Curitiba - Office,C006,Brazil,Curitiba,Americas,Office
LOC000101,Bengaluru - Remote,C030,India,Bengaluru,APAC,Remote
LOC000102,Bengaluru - Office,C016,India,Bengaluru,APAC,Office
LOC000103,Boston - Remote,C019,United States,Boston,Americas,Remote
LOC000104,London - Office,C020,United Kingdom,London,EMEA,Office
LOC000105,Chennai - Office,C004,India,Chennai,APAC,Office
LOC000106,Yokohama - Office,C038,Japan,Yokohama,APAC,Office
LOC000107,Hyderabad - Client Site,C030,India,Hyderabad,APAC,Client Site
LOC000108,Pune - Shared Service Center,C035,India,Pune,APAC,Shared Service Center
LOC000109,Canberra - Office,C008,Australia,Canberra,APAC,Office
LOC000110,Atlanta - Office,C012,United States,Atlanta,Americas,Office
LOC000111,Munich - Office,C003,Germany,Munich,EMEA,Office
LOC000112,Amsterdam - Office,C005,Netherlands,Amsterdam,EMEA,Office
LOC000113,Mumbai - Office,C021,India,Mumbai,APAC,Office
LOC000114,Pune - Office,C025,India,Pune,APAC,Office
LOC000115,Atlanta - Client Site,C036,United States,Atlanta,Americas,Client Site
LOC000116,Pune - Office,C024,India,Pune,APAC,Office
LOC000117,Rotterdam - Office,C040,Netherlands,Rotterdam,EMEA,Office
LOC000118,Cape Town - Office,C032,South Africa,Cape Town,EMEA,Office
LOC000119,Dubai - Shared Service Center,C013,United Arab Emirates,Dubai,EMEA,Shared Service Center
LOC000120,Monterrey - Office,C022,Mexico,Monterrey,Americas,Office
LOC000121,Pune - Remote,C024,India,Pune,APAC,Remote
LOC000122,Sao Paulo - Office,C006,Brazil,Sao Paulo,Americas,Office
LOC000123,San Francisco - Client Site,C037,United States,San Francisco,Americas,Client Site
LOC000124,Cape Town - Office,C032,South Africa,Cape Town,EMEA,Office
LOC000125,Bengaluru - Office,C026,India,Bengaluru,APAC,Office
LOC000126,Canberra - Office,C034,Australia,Canberra,APAC,Office
LOC000127,Dallas - Remote,C037,United States,Dallas,Americas,Remote
LOC000128,The Hague - Client Site,C031,Netherlands,The Hague,EMEA,Client Site
LOC000129,The Hague - Remote,C005,Netherlands,The Hague,EMEA,Remote
LOC000130,Toronto - Office,C007,Canada,Toronto,Americas,Office
LOC000131,Queretaro - Remote,C009,Mexico,Queretaro,Americas,Remote
LOC000132,New York - Remote,C019,United States,New York,Americas,Remote
LOC000133,The Hague - Remote,C040,Netherlands,The Hague,EMEA,Remote
LOC000134,Dallas - Office,C037,United States,Dallas,Americas,Office
LOC000135,Monterrey - Office,C001,Mexico,Monterrey,Americas,Office
LOC000136,Monterrey - Remote,C022,Mexico,Monterrey,Americas,Remote
LOC000137,Delhi - Remote,C021,India,Delhi,APAC,Remote
LOC000138,Frankfurt - Shared Service Center,C003,Germany,Frankfurt,EMEA,Shared Service Center
LOC000139,Amsterdam - Client Site,C005,Netherlands,Amsterdam,EMEA,Client Site
LOC000140,Monterrey - Office,C022,Mexico,Monterrey,Americas,Office
LOC000141,Yokohama - Office,C038,Japan,Yokohama,APAC,Office
LOC000142,San Francisco - Office,C036,United States,San Francisco,Americas,Office
LOC000143,Barcelona - Office,C010,Spain,Barcelona,EMEA,Office
LOC000144,Sharjah - Office,C013,United Arab Emirates,Sharjah,EMEA,Office
LOC000145,Amsterdam - Office,C040,Netherlands,Amsterdam,EMEA,Office
LOC000146,Abu Dhabi - Shared Service Center,C013,United Arab Emirates,Abu Dhabi,EMEA,Shared Service Center
LOC000147,Frankfurt - Office,C014,Germany,Frankfurt,EMEA,Office
LOC000148,Canberra - Office,C008,Australia,Canberra,APAC,Office
LOC000149,Queretaro - Office,C009,Mexico,Queretaro,Americas,Office
LOC000150,Delhi - Office,C026,India,Delhi,APAC,Office
LOC000151,Berlin - Remote,C028,Germany,Berlin,EMEA,Remote
LOC000152,Atlanta - Office,C012,United States,Atlanta,Americas,Office
LOC000153,Sharjah - Office,C013,United Arab Emirates,Sharjah,EMEA,Office
LOC000154,Berlin - Shared Service Center,C018,Germany,Berlin,EMEA,Shared Service Center
LOC000155,London - Remote,C015,United Kingdom,London,EMEA,Remote
LOC000156,Frankfurt - Office,C033,Germany,Frankfurt,EMEA,Office
LOC000157,The Hague - Remote,C040,Netherlands,The Hague,EMEA,Remote
LOC000158,Frankfurt - Office,C014,Germany,Frankfurt,EMEA,Office
LOC000159,Munich - Office,C028,Germany,Munich,EMEA,Office
LOC000160,Calgary - Office,C007,Canada,Calgary,Americas,Office
LOC000161,Rio de Janeiro - Office,C002,Brazil,Rio de Janeiro,Americas,Office
LOC000162,Rotterdam - Office,C031,Netherlands,Rotterdam,EMEA,Office
LOC000163,Rotterdam - Office,C040,Netherlands,Rotterdam,EMEA,Office
LOC000164,Frankfurt - Remote,C028,Germany,Frankfurt,EMEA,Remote
LOC000165,Utrecht - Office,C005,Netherlands,Utrecht,EMEA,Office
LOC000166,Munich - Remote,C014,Germany,Munich,EMEA,Remote
LOC000167,Sao Paulo - Office,C006,Brazil,Sao Paulo,Americas,Office
LOC000168,Hyderabad - Office,C024,India,Hyderabad,APAC,Office
LOC000169,Dubai - Office,C013,United Arab Emirates,Dubai,EMEA,Office
LOC000170,Munich - Remote,C033,Germany,Munich,EMEA,Remote
LOC000171,Hamburg - Office,C033,Germany,Hamburg,EMEA,Office
LOC000172,Munich - Office,C014,Germany,Munich,EMEA,Office
LOC000173,Munich - Office,C014,Germany,Munich,EMEA,Office
LOC000174,Sao Paulo - Office,C002,Brazil,Sao Paulo,Americas,Office
LOC000175,New York - Office,C027,United States,New York,Americas,Office
LOC000176,Delhi - Office,C024,India,Delhi,APAC,Office
LOC000177,Amsterdam - Shared Service Center,C005,Netherlands,Amsterdam,EMEA,Shared Service Center
LOC000178,Bengaluru - Office,C026,India,Bengaluru,APAC,Office
LOC000179,Delhi - Office,C025,India,Delhi,APAC,Office
LOC000180,Birmingham - Shared Service Center,C015,United Kingdom,Birmingham,EMEA,Shared Service Center
LOC000181,Hamburg - Office,C014,Germany,Hamburg,EMEA,Office
LOC000182,Frankfurt - Office,C033,Germany,Frankfurt,EMEA,Office
LOC000183,New York - Office,C039,United States,New York,Americas,Office
LOC000184,Cape Town - Office,C032,South Africa,Cape Town,EMEA,Office
LOC000185,Rotterdam - Client Site,C040,Netherlands,Rotterdam,EMEA,Client Site
LOC000186,Hamburg - Remote,C033,Germany,Hamburg,EMEA,Remote
LOC000187,Amsterdam - Office,C031,Netherlands,Amsterdam,EMEA,Office
LOC000188,Munich - Remote,C014,Germany,Munich,EMEA,Remote
LOC000189,Frankfurt - Client Site,C003,Germany,Frankfurt,EMEA,Client Site
LOC000190,Chennai - Remote,C025,India,Chennai,APAC,Remote
LOC000191,Canberra - Office,C008,Australia,Canberra,APAC,Office
LOC000192,Seattle - Office,C036,United States,Seattle,Americas,Office
LOC000193,Delhi - Shared Service Center,C024,India,Delhi,APAC,Shared Service Center
LOC000194,Frankfurt - Office,C014,Germany,Frankfurt,EMEA,Office
LOC000195,Hyderabad - Client Site,C035,India,Hyderabad,APAC,Client Site
LOC000196,Perth - Office,C008,Australia,Perth,APAC,Office
LOC000197,Dubai - Office,C013,United Arab Emirates,Dubai,EMEA,Office
LOC000198,Munich - Remote,C018,Germany,Munich,EMEA,Remote
LOC000199,Mumbai - Office,C030,India,Mumbai,APAC,Office
LOC000200,Pune - Remote,C025,India,Pune,APAC,Remote
LOC000201,Sydney - Office,C017,Australia,Sydney,APAC,Office
LOC000202,Munich - Office,C028,Germany,Munich,EMEA,Office
LOC000203,Mexico City - Remote,C009,Mexico,Mexico City,Americas,Remote
LOC000204,The Hague - Client Site,C005,Netherlands,The Hague,EMEA,Client Site
LOC000205,Montreal - Office,C007,Canada,Montreal,Americas,Office
LOC000206,Bengaluru - Remote,C016,India,Bengaluru,APAC,Remote
LOC000207,Utrecht - Client Site,C040,Netherlands,Utrecht,EMEA,Client Site
LOC000208,Frankfurt - Office,C011,Germany,Frankfurt,EMEA,Office
LOC000209,Osaka - Shared Service Center,C038,Japan,Osaka,APAC,Shared Service Center
LOC000210,Utrecht - Remote,C040,Netherlands,Utrecht,EMEA,Remote
LOC000211,Guadalajara - Client Site,C009,Mexico,Guadalajara,Americas,Client Site
LOC000212,Boston - Office,C027,United States,Boston,Americas,Office
LOC000213,Boston - Office,C019,United States,Boston,Americas,Office
LOC000214,Hyderabad - Remote,C025,India,Hyderabad,APAC,Remote
LOC000215,Munich - Remote,C033,Germany,Munich,EMEA,Remote
LOC000216,Osaka - Office,C038,Japan,Osaka,APAC,Office
LOC000217,Boston - Office,C027,United States,Boston,Americas,Office
LOC000218,Bengaluru - Office,C025,India,Bengaluru,APAC,Office
LOC000219,Sydney - Client Site,C029,Australia,Sydney,APAC,Client Site
LOC000220,Mexico City - Office,C022,Mexico,Mexico City,Americas,Office
LOC000221,Frankfurt - Remote,C033,Germany,Frankfurt,EMEA,Remote
LOC000222,Chicago - Remote,C037,United States,Chicago,Americas,Remote
LOC000223,Utrecht - Remote,C031,Netherlands,Utrecht,EMEA,Remote
LOC000224,Hyderabad - Office,C024,India,Hyderabad,APAC,Office
LOC000225,Mumbai - Office,C030,India,Mumbai,APAC,Office
LOC000226,Canberra - Office,C017,Australia,Canberra,APAC,Office
LOC000227,Berlin - Office,C018,Germany,Berlin,EMEA,Office
LOC000228,Boston - Office,C036,United States,Boston,Americas,Office
LOC000229,Berlin - Office,C018,Germany,Berlin,EMEA,Office
LOC000230,Chicago - Client Site,C039,United States,Chicago,Americas,Client Site
LOC000231,Munich - Remote,C028,Germany,Munich,EMEA,Remote
LOC000232,Seville - Office,C010,Spain,Seville,EMEA,Office
LOC000233,Curitiba - Office,C002,Brazil,Curitiba,Americas,Office
LOC000234,Mumbai - Client Site,C025,India,Mumbai,APAC,Client Site
LOC000235,Brisbane - Office,C029,Australia,Brisbane,APAC,Office
LOC000236,Guadalajara - Office,C009,Mexico,Guadalajara,Americas,Office
LOC000237,Edinburgh - Office,C015,United Kingdom,Edinburgh,EMEA,Office
LOC000238,Hamburg - Office,C014,Germany,Hamburg,EMEA,Office
LOC000239,Monterrey - Office,C022,Mexico,Monterrey,Americas,Office
LOC000240,London - Office,C020,United Kingdom,London,EMEA,Office
LOC000241,Mumbai - Office,C026,India,Mumbai,APAC,Office
LOC000242,New York - Office,C039,United States,New York,Americas,Office
LOC000243,The Hague - Remote,C040,Netherlands,The Hague,EMEA,Remote
LOC000244,Perth - Remote,C017,Australia,Perth,APAC,Remote
LOC000245,Vancouver - Office,C007,Canada,Vancouver,Americas,Office
LOC000246,Mumbai - Remote,C030,India,Mumbai,APAC,Remote
LOC000247,Johannesburg - Office,C032,South Africa,Johannesburg,EMEA,Office
LOC000248,Frankfurt - Remote,C018,Germany,Frankfurt,EMEA,Remote
LOC000249,Frankfurt - Remote,C003,Germany,Frankfurt,EMEA,Remote
LOC000250,Seattle - Office,C039,United States,Seattle,Americas,Office
LOC000251,The Hague - Office,C031,Netherlands,The Hague,EMEA,Office
LOC000252,Guadalajara - Office,C001,Mexico,Guadalajara,Americas,Office
LOC000253,Mexico City - Client Site,C009,Mexico,Mexico City,Americas,Client Site
LOC000254,Atlanta - Client Site,C037,United States,Atlanta,Americas,Client Site
LOC000255,London - Office,C015,United Kingdom,London,EMEA,Office
LOC000256,Mumbai - Office,C004,India,Mumbai,APAC,Office
LOC000257,Brisbane - Office,C029,Australia,Brisbane,APAC,Office
LOC000258,Pune - Office,C021,India,Pune,APAC,Office
LOC000259,Canberra - Remote,C008,Australia,Canberra,APAC,Remote
LOC000260,Pune - Office,C021,India,Pune,APAC,Office
LOC000261,Montreal - Office,C007,Canada,Montreal,Americas,Office
LOC000262,Atlanta - Remote,C019,United States,Atlanta,Americas,Remote
LOC000263,Bengaluru - Client Site,C025,India,Bengaluru,APAC,Client Site
LOC000264,Monterrey - Remote,C001,Mexico,Monterrey,Americas,Remote
LOC000265,Sharjah - Office,C013,United Arab Emirates,Sharjah,EMEA,Office
LOC000266,Brasilia - Office,C006,Brazil,Brasilia,Americas,Office
LOC000267,Utrecht - Client Site,C031,Netherlands,Utrecht,EMEA,Client Site
LOC000268,Canberra - Office,C029,Australia,Canberra,APAC,Office
LOC000269,Canberra - Office,C008,Australia,Canberra,APAC,Office
LOC000270,Vancouver - Remote,C007,Canada,Vancouver,Americas,Remote
LOC000271,Pune - Office,C025,India,Pune,APAC,Office
LOC000272,Seattle - Remote,C012,United States,Seattle,Americas,Remote
LOC000273,Birmingham - Client Site,C015,United Kingdom,Birmingham,EMEA,Client Site
LOC000274,Atlanta - Office,C027,United States,Atlanta,Americas,Office
LOC000275,Boston - Office,C019,United States,Boston,Americas,Office
LOC000276,Hamburg - Client Site,C018,Germany,Hamburg,EMEA,Client Site
LOC000277,Seville - Office,C010,Spain,Seville,EMEA,Office
LOC000278,Utrecht - Remote,C005,Netherlands,Utrecht,EMEA,Remote
LOC000279,Brisbane - Office,C017,Australia,Brisbane,APAC,Office
LOC000280,Berlin - Office,C033,Germany,Berlin,EMEA,Office
LOC000281,Queretaro - Office,C009,Mexico,Queretaro,Americas,Office
LOC000282,Rotterdam - Office,C031,Netherlands,Rotterdam,EMEA,Office
LOC000283,Hyderabad - Office,C025,India,Hyderabad,APAC,Office
LOC000284,Hamburg - Office,C018,Germany,Hamburg,EMEA,Office
LOC000285,Queretaro - Client Site,C009,Mexico,Queretaro,Americas,Client Site
LOC000286,Seattle - Office,C019,United States,Seattle,Americas,Office
LOC000287,Mumbai - Office,C004,India,Mumbai,APAC,Office
LOC000288,Utrecht - Remote,C005,Netherlands,Utrecht,EMEA,Remote
LOC000289,Hyderabad - Shared Service Center,C025,India,Hyderabad,APAC,Shared Service Center
LOC000290,Brisbane - Office,C029,Australia,Brisbane,APAC,Office
LOC000291,Perth - Office,C034,Australia,Perth,APAC,Office
LOC000292,Guadalajara - Office,C009,Mexico,Guadalajara,Americas,Office
LOC000293,Berlin - Shared Service Center,C033,Germany,Berlin,EMEA,Shared Service Center
LOC000294,Bengaluru - Remote,C030,India,Bengaluru,APAC,Remote
LOC000295,Munich - Office,C014,Germany,Munich,EMEA,Office
LOC000296,Yokohama - Office,C038,Japan,Yokohama,APAC,Office
LOC000297,Valencia - Remote,C010,Spain,Valencia,EMEA,Remote
LOC000298,Calgary - Office,C007,Canada,Calgary,Americas,Office
LOC000299,Mumbai - Office,C035,India,Mumbai,APAC,Office
LOC000300,Frankfurt - Remote,C018,Germany,Frankfurt,EMEA,Remote
LOC000301,Pune - Office,C004,India,Pune,APAC,Office
LOC000302,Hamburg - Office,C014,Germany,Hamburg,EMEA,Office
LOC000303,Dallas - Remote,C027,United States,Dallas,Americas,Remote
LOC000304,Hyderabad - Office,C024,India,Hyderabad,APAC,Office
LOC000305,Pune - Office,C021,India,Pune,APAC,Office
LOC000306,Atlanta - Office,C037,United States,Atlanta,Americas,Office
LOC000307,Rio de Janeiro - Client Site,C006,Brazil,Rio de Janeiro,Americas,Client Site
LOC000308,Delhi - Remote,C030,India,Delhi,APAC,Remote
LOC000309,San Francisco - Office,C036,United States,San Francisco,Americas,Office
LOC000310,Rotterdam - Office,C040,Netherlands,Rotterdam,EMEA,Office
LOC000311,Chennai - Client Site,C016,India,Chennai,APAC,Client Site
LOC000312,Hyderabad - Remote,C024,India,Hyderabad,APAC,Remote
LOC000313,Delhi - Office,C035,India,Delhi,APAC,Office
LOC000314,Mexico City - Office,C009,Mexico,Mexico City,Americas,Office
LOC000315,Hamburg - Remote,C018,Germany,Hamburg,EMEA,Remote
LOC000316,Curitiba - Office,C002,Brazil,Curitiba,Americas,Office
LOC000317,Hamburg - Remote,C028,Germany,Hamburg,EMEA,Remote
LOC000318,Manchester - Client Site,C015,United Kingdom,Manchester,EMEA,Client Site
LOC000319,Hyderabad - Office,C025,India,Hyderabad,APAC,Office
LOC000320,Atlanta - Office,C019,United States,Atlanta,Americas,Office
LOC000321,Curitiba - Remote,C006,Brazil,Curitiba,Americas,Remote
LOC000322,Frankfurt - Office,C033,Germany,Frankfurt,EMEA,Office
LOC000323,Sao Paulo - Remote,C002,Brazil,Sao Paulo,Americas,Remote
LOC000324,Hamburg - Office,C003,Germany,Hamburg,EMEA,Office
LOC000325,Chicago - Office,C012,United States,Chicago,Americas,Office
LOC000326,Dallas - Office,C012,United States,Dallas,Americas,Office
LOC000327,Berlin - Office,C018,Germany,Berlin,EMEA,Office
LOC000328,Sydney - Office,C023,Australia,Sydney,APAC,Office
LOC000329,Hyderabad - Office,C016,India,Hyderabad,APAC,Office
LOC000330,Amsterdam - Office,C005,Netherlands,Amsterdam,EMEA,Office
LOC000331,Munich - Office,C003,Germany,Munich,EMEA,Office
LOC000332,Durban - Shared Service Center,C032,South Africa,Durban,EMEA,Shared Service Center
LOC000333,Birmingham - Client Site,C020,United Kingdom,Birmingham,EMEA,Client Site
LOC000334,Bengaluru - Office,C026,India,Bengaluru,APAC,Office
LOC000335,Brasilia - Office,C002,Brazil,Brasilia,Americas,Office
LOC000336,San Francisco - Shared Service Center,C039,United States,San Francisco,Americas,Shared Service Center
LOC000337,Delhi - Office,C016,India,Delhi,APAC,Office
LOC000338,Amsterdam - Office,C031,Netherlands,Amsterdam,EMEA,Office
LOC000339,Osaka - Shared Service Center,C038,Japan,Osaka,APAC,Shared Service Center
LOC000340,Munich - Remote,C028,Germany,Munich,EMEA,Remote
LOC000341,Delhi - Office,C004,India,Delhi,APAC,Office
LOC000342,Hyderabad - Office,C025,India,Hyderabad,APAC,Office
LOC000343,Hyderabad - Shared Service Center,C016,India,Hyderabad,APAC,Shared Service Center
LOC000344,Amsterdam - Office,C031,Netherlands,Amsterdam,EMEA,Office
LOC000345,Munich - Office,C028,Germany,Munich,EMEA,Office
LOC000346,Mumbai - Office,C004,India,Mumbai,APAC,Office
LOC000347,Rotterdam - Remote,C040,Netherlands,Rotterdam,EMEA,Remote
LOC000348,Frankfurt - Office,C033,Germany,Frankfurt,EMEA,Office
LOC000349,Frankfurt - Office,C028,Germany,Frankfurt,EMEA,Office
LOC000350,Sharjah - Shared Service Center,C013,United Arab Emirates,Sharjah,EMEA,Shared Service Center
LOC000351,Yokohama - Client Site,C038,Japan,Yokohama,APAC,Client Site
LOC000352,Canberra - Client Site,C008,Australia,Canberra,APAC,Client Site
LOC000353,Rotterdam - Office,C005,Netherlands,Rotterdam,EMEA,Office
LOC000354,The Hague - Client Site,C031,Netherlands,The Hague,EMEA,Client Site
LOC000355,Monterrey - Office,C022,Mexico,Monterrey,Americas,Office
LOC000356,Mexico City - Office,C001,Mexico,Mexico City,Americas,Office
LOC000357,Pretoria - Remote,C032,South Africa,Pretoria,EMEA,Remote
LOC000358,Delhi - Office,C026,India,Delhi,APAC,Office
LOC000359,Pune - Office,C035,India,Pune,APAC,Office
LOC000360,Bengaluru - Office,C004,India,Bengaluru,APAC,Office
LOC000361,Munich - Office,C018,Germany,Munich,EMEA,Office
LOC000362,Hyderabad - Office,C021,India,Hyderabad,APAC,Office
LOC000363,Frankfurt - Office,C003,Germany,Frankfurt,EMEA,Office
LOC000364,Edinburgh - Office,C015,United Kingdom,Edinburgh,EMEA,Office
LOC000365,Monterrey - Remote,C001,Mexico,Monterrey,Americas,Remote
LOC000366,Delhi - Office,C016,India,Delhi,APAC,Office
LOC000367,Mexico City - Remote,C001,Mexico,Mexico City,Americas,Remote
LOC000368,Monterrey - Office,C022,Mexico,Monterrey,Americas,Office
LOC000369,Brasilia - Remote,C002,Brazil,Brasilia,Americas,Remote
LOC000370,Seattle - Office,C037,United States,Seattle,Americas,Office
LOC000371,Birmingham - Remote,C020,United Kingdom,Birmingham,EMEA,Remote
LOC000372,Boston - Office,C012,United States,Boston,Americas,Office
LOC000373,Sao Paulo - Office,C006,Brazil,Sao Paulo,Americas,Office
LOC000374,Chicago - Office,C037,United States,Chicago,Americas,Office
LOC000375,Hyderabad - Shared Service Center,C004,India,Hyderabad,APAC,Shared Service Center
LOC000376,Johannesburg - Remote,C032,South Africa,Johannesburg,EMEA,Remote
LOC000377,Boston - Office,C012,United States,Boston,Americas,Office
LOC000378,Queretaro - Office,C009,Mexico,Queretaro,Americas,Office
LOC000379,Berlin - Office,C003,Germany,Berlin,EMEA,Office
LOC000380,Abu Dhabi - Remote,C013,United Arab Emirates,Abu Dhabi,EMEA,Remote
LOC000381,Perth - Office,C023,Australia,Perth,APAC,Office
LOC000382,Dubai - Office,C013,United Arab Emirates,Dubai,EMEA,Office
LOC000383,Amsterdam - Remote,C040,Netherlands,Amsterdam,EMEA,Remote
LOC000384,Berlin - Office,C018,Germany,Berlin,EMEA,Office
LOC000385,Chennai - Remote,C016,India,Chennai,APAC,Remote
LOC000386,Hamburg - Office,C011,Germany,Hamburg,EMEA,Office
LOC000387,Mumbai - Remote,C025,India,Mumbai,APAC,Remote
LOC000388,Curitiba - Office,C006,Brazil,Curitiba,Americas,Office
LOC000389,Dubai - Office,C013,United Arab Emirates,Dubai,EMEA,Office
LOC000390,Hamburg - Office,C018,Germany,Hamburg,EMEA,Office
LOC000391,Nagoya - Office,C038,Japan,Nagoya,APAC,Office
LOC000392,Hamburg - Shared Service Center,C028,Germany,Hamburg,EMEA,Shared Service Center
LOC000393,Berlin - Office,C033,Germany,Berlin,EMEA,Office
LOC000394,Munich - Remote,C003,Germany,Munich,EMEA,Remote
LOC000395,Pune - Office,C035,India,Pune,APAC,Office
LOC000396,Delhi - Office,C025,India,Delhi,APAC,Office
LOC000397,Delhi - Remote,C026,India,Delhi,APAC,Remote
LOC000398,Brisbane - Shared Service Center,C017,Australia,Brisbane,APAC,Shared Service Center
LOC000399,Pune - Office,C004,India,Pune,APAC,Office
LOC000400,Rotterdam - Office,C031,Netherlands,Rotterdam,EMEA,Office
LOC000401,Mumbai - Office,C016,India,Mumbai,APAC,Office
LOC000402,Hamburg - Remote,C018,Germany,Hamburg,EMEA,Remote
LOC000403,Ottawa - Office,C007,Canada,Ottawa,Americas,Office
LOC000404,Frankfurt - Remote,C003,Germany,Frankfurt,EMEA,Remote
LOC000405,Delhi - Office,C024,India,Delhi,APAC,Office
LOC000406,Munich - Office,C028,Germany,Munich,EMEA,Office
LOC000407,Munich - Office,C011,Germany,Munich,EMEA,Office
LOC000408,San Francisco - Office,C019,United States,San Francisco,Americas,Office
LOC000409,Monterrey - Office,C009,Mexico,Monterrey,Americas,Office
LOC000410,Hyderabad - Office,C035,India,Hyderabad,APAC,Office
LOC000411,Hamburg - Office,C028,Germany,Hamburg,EMEA,Office
LOC000412,Dubai - Office,C013,United Arab Emirates,Dubai,EMEA,Office
LOC000413,Amsterdam - Office,C031,Netherlands,Amsterdam,EMEA,Office
LOC000414,Mumbai - Office,C016,India,Mumbai,APAC,Office
LOC000415,Brasilia - Remote,C002,Brazil,Brasilia,Americas,Remote
LOC000416,Hyderabad - Office,C021,India,Hyderabad,APAC,Office
LOC000417,The Hague - Office,C040,Netherlands,The Hague,EMEA,Office
LOC000418,Seattle - Office,C012,United States,Seattle,Americas,Office
LOC000419,Canberra - Shared Service Center,C008,Australia,Canberra,APAC,Shared Service Center
LOC000420,Bengaluru - Remote,C035,India,Bengaluru,APAC,Remote
LOC000421,Hamburg - Office,C033,Germany,Hamburg,EMEA,Office
LOC000422,Berlin - Office,C014,Germany,Berlin,EMEA,Office
LOC000423,Johannesburg - Office,C032,South Africa,Johannesburg,EMEA,Office
LOC000424,Brisbane - Remote,C029,Australia,Brisbane,APAC,Remote
LOC000425,Brasilia - Office,C002,Brazil,Brasilia,Americas,Office
LOC000426,Pune - Remote,C030,India,Pune,APAC,Remote
LOC000427,Berlin - Office,C018,Germany,Berlin,EMEA,Office
LOC000428,Queretaro - Office,C001,Mexico,Queretaro,Americas,Office
LOC000429,Sydney - Client Site,C034,Australia,Sydney,APAC,Client Site
LOC000430,Seattle - Office,C037,United States,Seattle,Americas,Office
LOC000431,Guadalajara - Shared Service Center,C001,Mexico,Guadalajara,Americas,Shared Service Center
LOC000432,Atlanta - Office,C039,United States,Atlanta,Americas,Office
LOC000433,Monterrey - Remote,C022,Mexico,Monterrey,Americas,Remote
LOC000434,Seattle - Office,C037,United States,Seattle,Americas,Office
LOC000435,Dallas - Remote,C036,United States,Dallas,Americas,Remote
LOC000436,Valencia - Office,C010,Spain,Valencia,EMEA,Office
LOC000437,Chicago - Office,C019,United States,Chicago,Americas,Office
LOC000438,Queretaro - Office,C022,Mexico,Queretaro,Americas,Office
LOC000439,Melbourne - Office,C023,Australia,Melbourne,APAC,Office
LOC000440,Rio de Janeiro - Office,C006,Brazil,Rio de Janeiro,Americas,Office
LOC000441,Seville - Office,C010,Spain,Seville,EMEA,Office
LOC000442,Amsterdam - Client Site,C031,Netherlands,Amsterdam,EMEA,Client Site
LOC000443,Berlin - Office,C028,Germany,Berlin,EMEA,Office
LOC000444,New York - Client Site,C019,United States,New York,Americas,Client Site
LOC000445,Sao Paulo - Office,C002,Brazil,Sao Paulo,Americas,Office
LOC000446,Sydney - Office,C029,Australia,Sydney,APAC,Office
LOC000447,Berlin - Office,C003,Germany,Berlin,EMEA,Office
LOC000448,Rotterdam - Office,C005,Netherlands,Rotterdam,EMEA,Office
LOC000449,Munich - Remote,C011,Germany,Munich,EMEA,Remote
LOC000450,Berlin - Office,C003,Germany,Berlin,EMEA,Office
LOC000451,New York - Office,C012,United States,New York,Americas,Office
LOC000452,Seattle - Office,C027,United States,Seattle,Americas,Office
LOC000453,Queretaro - Office,C009,Mexico,Queretaro,Americas,Office
LOC000454,Perth - Office,C029,Australia,Perth,APAC,Office
LOC000455,Berlin - Office,C011,Germany,Berlin,EMEA,Office
LOC000456,Canberra - Office,C023,Australia,Canberra,APAC,Office
LOC000457,Munich - Office,C028,Germany,Munich,EMEA,Office
LOC000458,Perth - Remote,C029,Australia,Perth,APAC,Remote
LOC000459,Utrecht - Remote,C040,Netherlands,Utrecht,EMEA,Remote
LOC000460,Bengaluru - Office,C030,India,Bengaluru,APAC,Office
LOC000461,New York - Office,C039,United States,New York,Americas,Office
LOC000462,Brisbane - Office,C034,Australia,Brisbane,APAC,Office
LOC000463,Brasilia - Office,C006,Brazil,Brasilia,Americas,Office
LOC000464,Utrecht - Remote,C005,Netherlands,Utrecht,EMEA,Remote
LOC000465,Melbourne - Office,C034,Australia,Melbourne,APAC,Office
LOC000466,Dallas - Office,C036,United States,Dallas,Americas,Office
LOC000467,Valencia - Office,C010,Spain,Valencia,EMEA,Office
LOC000468,Hyderabad - Office,C021,India,Hyderabad,APAC,Office
LOC000469,Frankfurt - Office,C028,Germany,Frankfurt,EMEA,Office
LOC000470,Monterrey - Office,C022,Mexico,Monterrey,Americas,Office
LOC000471,Mumbai - Client Site,C021,India,Mumbai,APAC,Client Site
LOC000472,Mumbai - Office,C025,India,Mumbai,APAC,Office
LOC000473,Pune - Office,C021,India,Pune,APAC,Office
LOC000474,Perth - Remote,C008,Australia,Perth,APAC,Remote
LOC000475,Seville - Office,C010,Spain,Seville,EMEA,Office
LOC000476,Edinburgh - Office,C020,United Kingdom,Edinburgh,EMEA,Office
LOC000477,Mumbai - Remote,C035,India,Mumbai,APAC,Remote
LOC000478,San Francisco - Remote,C019,United States,San Francisco,Americas,Remote
LOC000479,Delhi - Office,C021,India,Delhi,APAC,Office
LOC000480,Melbourne - Remote,C034,Australia,Melbourne,APAC,Remote
LOC000481,Yokohama - Office,C038,Japan,Yokohama,APAC,Office
LOC000482,Ottawa - Office,C007,Canada,Ottawa,Americas,Office
LOC000483,Utrecht - Office,C005,Netherlands,Utrecht,EMEA,Office
LOC000484,Amsterdam - Client Site,C031,Netherlands,Amsterdam,EMEA,Client Site
LOC000485,Munich - Office,C018,Germany,Munich,EMEA,Office
LOC000486,Frankfurt - Client Site,C028,Germany,Frankfurt,EMEA,Client Site
LOC000487,Sharjah - Office,C013,United Arab Emirates,Sharjah,EMEA,Office
LOC000488,Chicago - Client Site,C019,United States,Chicago,Americas,Client Site
LOC000489,Delhi - Client Site,C026,India,Delhi,APAC,Client Site
LOC000490,Toronto - Remote,C007,Canada,Toronto,Americas,Remote
LOC000491,Madrid - Remote,C010,Spain,Madrid,EMEA,Remote
LOC000492,Seville - Remote,C010,Spain,Seville,EMEA,Remote
LOC000493,Berlin - Shared Service Center,C018,Germany,Berlin,EMEA,Shared Service Center
LOC000494,Brasilia - Client Site,C006,Brazil,Brasilia,Americas,Client Site
LOC000495,Utrecht - Office,C040,Netherlands,Utrecht,EMEA,Office
LOC000496,New York - Office,C027,United States,New York,Americas,Office
LOC000497,Barcelona - Shared Service Center,C010,Spain,Barcelona,EMEA,Shared Service Center
LOC000498,Canberra - Office,C023,Australia,Canberra,APAC,Office
LOC000499,Munich - Remote,C028,Germany,Munich,EMEA,Remote
LOC000500,Madrid - Office,C010,Spain,Madrid,EMEA,Office
LOC000501,Berlin - Office,C033,Germany,Berlin,EMEA,Office
LOC000502,Manchester - Office,C020,United Kingdom,Manchester,EMEA,Office
LOC000503,Frankfurt - Remote,C003,Germany,Frankfurt,EMEA,Remote
LOC000504,Berlin - Office,C011,Germany,Berlin,EMEA,Office
LOC000505,Rio de Janeiro - Office,C002,Brazil,Rio de Janeiro,Americas,Office
LOC000506,Brisbane - Office,C034,Australia,Brisbane,APAC,Office
LOC000507,Cape Town - Remote,C032,South Africa,Cape Town,EMEA,Remote
LOC000508,The Hague - Office,C031,Netherlands,The Hague,EMEA,Office
LOC000509,Chicago - Office,C027,United States,Chicago,Americas,Office
LOC000510,Hyderabad - Office,C021,India,Hyderabad,APAC,Office
LOC000511,Frankfurt - Office,C028,Germany,Frankfurt,EMEA,Office
LOC000512,Delhi - Office,C030,India,Delhi,APAC,Office
LOC000513,Bengaluru - Office,C035,India,Bengaluru,APAC,Office
LOC000514,Frankfurt - Office,C033,Germany,Frankfurt,EMEA,Office
LOC000515,Amsterdam - Office,C040,Netherlands,Amsterdam,EMEA,Office
LOC000516,Bengaluru - Office,C021,India,Bengaluru,APAC,Office
LOC000517,Mumbai - Remote,C021,India,Mumbai,APAC,Remote
LOC000518,Dallas - Office,C019,United States,Dallas,Americas,Office
LOC000519,Frankfurt - Office,C018,Germany,Frankfurt,EMEA,Office
LOC000520,Seattle - Office,C012,United States,Seattle,Americas,Office
LOC000521,Rotterdam - Office,C005,Netherlands,Rotterdam,EMEA,Office
LOC000522,Toronto - Office,C007,Canada,Toronto,Americas,Office
LOC000523,Canberra - Office,C023,Australia,Canberra,APAC,Office
LOC000524,Bengaluru - Remote,C030,India,Bengaluru,APAC,Remote
LOC000525,Canberra - Office,C029,Australia,Canberra,APAC,Office
LOC000526,Chennai - Office,C016,India,Chennai,APAC,Office
LOC000527,London - Office,C015,United Kingdom,London,EMEA,Office
LOC000528,Frankfurt - Client Site,C011,Germany,Frankfurt,EMEA,Client Site
LOC000529,Melbourne - Office,C034,Australia,Melbourne,APAC,Office
LOC000530,New York - Office,C039,United States,New York,Americas,Office
LOC000531,New York - Office,C039,United States,New York,Americas,Office
LOC000532,Frankfurt - Office,C028,Germany,Frankfurt,EMEA,Office
LOC000533,Amsterdam - Client Site,C040,Netherlands,Amsterdam,EMEA,Client Site
LOC000534,Munich - Office,C011,Germany,Munich,EMEA,Office
LOC000535,Amsterdam - Office,C005,Netherlands,Amsterdam,EMEA,Office
LOC000536,Berlin - Client Site,C028,Germany,Berlin,EMEA,Client Site
LOC000537,Chennai - Remote,C021,India,Chennai,APAC,Remote
LOC000538,Perth - Office,C029,Australia,Perth,APAC,Office
LOC000539,New York - Remote,C019,United States,New York,Americas,Remote
LOC000540,London - Office,C020,United Kingdom,London,EMEA,Office
LOC000541,Hyderabad - Office,C016,India,Hyderabad,APAC,Office
LOC000542,Perth - Office,C017,Australia,Perth,APAC,Office
LOC000543,Madrid - Office,C010,Spain,Madrid,EMEA,Office
LOC000544,Boston - Client Site,C012,United States,Boston,Americas,Client Site
LOC000545,Dallas - Remote,C036,United States,Dallas,Americas,Remote
LOC000546,London - Office,C015,United Kingdom,London,EMEA,Office
LOC000547,Perth - Office,C008,Australia,Perth,APAC,Office
LOC000548,Sydney - Office,C008,Australia,Sydney,APAC,Office
LOC000549,Delhi - Client Site,C026,India,Delhi,APAC,Client Site
LOC000550,Hamburg - Remote,C014,Germany,Hamburg,EMEA,Remote
LOC000551,Melbourne - Office,C008,Australia,Melbourne,APAC,Office
LOC000552,Hamburg - Office,C033,Germany,Hamburg,EMEA,Office
LOC000553,Munich - Office,C028,Germany,Munich,EMEA,Office
LOC000554,San Francisco - Remote,C027,United States,San Francisco,Americas,Remote
LOC000555,Chicago - Office,C027,United States,Chicago,Americas,Office
LOC000556,Brisbane - Office,C023,Australia,Brisbane,APAC,Office
LOC000557,Brasilia - Office,C002,Brazil,Brasilia,Americas,Office
LOC000558,Rio de Janeiro - Office,C006,Brazil,Rio de Janeiro,Americas,Office
LOC000559,Sydney - Office,C034,Australia,Sydney,APAC,Office
LOC000560,Melbourne - Office,C023,Australia,Melbourne,APAC,Office
LOC000561,Birmingham - Office,C020,United Kingdom,Birmingham,EMEA,Office
LOC000562,Sydney - Office,C017,Australia,Sydney,APAC,Office
LOC000563,Bengaluru - Office,C021,India,Bengaluru,APAC,Office
LOC000564,Edinburgh - Client Site,C020,United Kingdom,Edinburgh,EMEA,Client Site
LOC000565,Utrecht - Remote,C031,Netherlands,Utrecht,EMEA,Remote
LOC000566,London - Office,C015,United Kingdom,London,EMEA,Office
LOC000567,Pune - Remote,C004,India,Pune,APAC,Remote
LOC000568,Mumbai - Office,C021,India,Mumbai,APAC,Office
LOC000569,Vancouver - Office,C007,Canada,Vancouver,Americas,Office
LOC000570,Amsterdam - Office,C005,Netherlands,Amsterdam,EMEA,Office
LOC000571,Munich - Office,C033,Germany,Munich,EMEA,Office
LOC000572,Nagoya - Client Site,C038,Japan,Nagoya,APAC,Client Site
LOC000573,Utrecht - Shared Service Center,C005,Netherlands,Utrecht,EMEA,Shared Service Center
LOC000574,Dallas - Office,C019,United States,Dallas,Americas,Office
LOC000575,Munich - Remote,C033,Germany,Munich,EMEA,Remote
LOC000576,Seattle - Office,C027,United States,Seattle,Americas,Office
LOC000577,Queretaro - Office,C001,Mexico,Queretaro,Americas,Office
LOC000578,Monterrey - Office,C009,Mexico,Monterrey,Americas,Office
LOC000579,Sao Paulo - Client Site,C006,Brazil,Sao Paulo,Americas,Client Site
LOC000580,London - Office,C020,United Kingdom,London,EMEA,Office
LOC000581,London - Office,C020,United Kingdom,London,EMEA,Office
LOC000582,Seville - Client Site,C010,Spain,Seville,EMEA,Client Site
LOC000583,Hyderabad - Office,C030,India,Hyderabad,APAC,Office
LOC000584,Atlanta - Office,C027,United States,Atlanta,Americas,Office
LOC000585,Canberra - Office,C017,Australia,Canberra,APAC,Office
LOC000586,Canberra - Shared Service Center,C034,Australia,Canberra,APAC,Shared Service Center
LOC000587,Berlin - Office,C018,Germany,Berlin,EMEA,Office
LOC000588,Boston - Office,C036,United States,Boston,Americas,Office
LOC000589,Seattle - Office,C012,United States,Seattle,Americas,Office
LOC000590,Hyderabad - Office,C004,India,Hyderabad,APAC,Office
LOC000591,Mexico City - Office,C001,Mexico,Mexico City,Americas,Office
LOC000592,San Francisco - Office,C012,United States,San Francisco,Americas,Office
LOC000593,Delhi - Office,C021,India,Delhi,APAC,Office
LOC000594,Dallas - Office,C037,United States,Dallas,Americas,Office
LOC000595,Sharjah - Remote,C013,United Arab Emirates,Sharjah,EMEA,Remote
LOC000596,Canberra - Office,C023,Australia,Canberra,APAC,Office
LOC000597,Bengaluru - Office,C016,India,Bengaluru,APAC,Office
LOC000598,Sharjah - Remote,C013,United Arab Emirates,Sharjah,EMEA,Remote
LOC000599,San Francisco - Office,C037,United States,San Francisco,Americas,Office
LOC000600,Utrecht - Office,C031,Netherlands,Utrecht,EMEA,Office
LOC000601,Mexico City - Remote,C001,Mexico,Mexico City,Americas,Remote
LOC000602,Mumbai - Office,C024,India,Mumbai,APAC,Office
LOC000603,San Francisco - Remote,C039,United States,San Francisco,Americas,Remote
LOC000604,Chennai - Office,C030,India,Chennai,APAC,Office
LOC000605,Brisbane - Office,C029,Australia,Brisbane,APAC,Office
LOC000606,Seattle - Office,C037,United States,Seattle,Americas,Office
LOC000607,Nagoya - Office,C038,Japan,Nagoya,APAC,Office
LOC000608,Munich - Office,C011,Germany,Munich,EMEA,Office
LOC000609,Seattle - Client Site,C037,United States,Seattle,Americas,Client Site
LOC000610,Brasilia - Remote,C002,Brazil,Brasilia,Americas,Remote
LOC000611,Rotterdam - Office,C005,Netherlands,Rotterdam,EMEA,Office
LOC000612,Atlanta - Client Site,C037,United States,Atlanta,Americas,Client Site
LOC000613,Queretaro - Office,C009,Mexico,Queretaro,Americas,Office
LOC000614,Dallas - Remote,C012,United States,Dallas,Americas,Remote
LOC000615,Perth - Shared Service Center,C008,Australia,Perth,APAC,Shared Service Center
LOC000616,Durban - Office,C032,South Africa,Durban,EMEA,Office
LOC000617,Mexico City - Office,C001,Mexico,Mexico City,Americas,Office
LOC000618,Monterrey - Remote,C022,Mexico,Monterrey,Americas,Remote
LOC000619,Atlanta - Client Site,C027,United States,Atlanta,Americas,Client Site
LOC000620,London - Office,C015,United Kingdom,London,EMEA,Office
LOC000621,Brasilia - Office,C002,Brazil,Brasilia,Americas,Office
LOC000622,Melbourne - Office,C023,Australia,Melbourne,APAC,Office
LOC000623,Bengaluru - Office,C024,India,Bengaluru,APAC,Office
LOC000624,Chicago - Office,C027,United States,Chicago,Americas,Office
LOC000625,Mumbai - Remote,C024,India,Mumbai,APAC,Remote
LOC000626,Guadalajara - Client Site,C022,Mexico,Guadalajara,Americas,Client Site
LOC000627,Perth - Shared Service Center,C008,Australia,Perth,APAC,Shared Service Center
LOC000628,Brasilia - Remote,C006,Brazil,Brasilia,Americas,Remote
LOC000629,London - Remote,C020,United Kingdom,London,EMEA,Remote
LOC000630,Birmingham - Office,C015,United Kingdom,Birmingham,EMEA,Office
LOC000631,Boston - Office,C012,United States,Boston,Americas,Office
LOC000632,Hamburg - Office,C033,Germany,Hamburg,EMEA,Office
LOC000633,Monterrey - Client Site,C001,Mexico,Monterrey,Americas,Client Site
LOC000634,Edinburgh - Office,C020,United Kingdom,Edinburgh,EMEA,Office
LOC000635,Utrecht - Office,C005,Netherlands,Utrecht,EMEA,Office
LOC000636,Amsterdam - Office,C005,Netherlands,Amsterdam,EMEA,Office
LOC000637,Hamburg - Remote,C033,Germany,Hamburg,EMEA,Remote
LOC000638,Sydney - Shared Service Center,C008,Australia,Sydney,APAC,Shared Service Center
LOC000639,Sharjah - Office,C013,United Arab Emirates,Sharjah,EMEA,Office
LOC000640,Chennai - Office,C016,India,Chennai,APAC,Office
LOC000641,Monterrey - Client Site,C009,Mexico,Monterrey,Americas,Client Site
LOC000642,Sharjah - Office,C013,United Arab Emirates,Sharjah,EMEA,Office
LOC000643,Tokyo - Office,C038,Japan,Tokyo,APAC,Office
LOC000644,Delhi - Office,C024,India,Delhi,APAC,Office
LOC000645,Amsterdam - Office,C005,Netherlands,Amsterdam,EMEA,Office
LOC000646,Calgary - Remote,C007,Canada,Calgary,Americas,Remote
LOC000647,Frankfurt - Shared Service Center,C033,Germany,Frankfurt,EMEA,Shared Service Center
LOC000648,Hamburg - Office,C028,Germany,Hamburg,EMEA,Office
LOC000649,Hamburg - Office,C028,Germany,Hamburg,EMEA,Office
LOC000650,Rotterdam - Office,C040,Netherlands,Rotterdam,EMEA,Office
LOC000651,Canberra - Client Site,C017,Australia,Canberra,APAC,Client Site
LOC000652,Montreal - Office,C007,Canada,Montreal,Americas,Office
LOC000653,Mexico City - Office,C009,Mexico,Mexico City,Americas,Office
LOC000654,Brisbane - Client Site,C023,Australia,Brisbane,APAC,Client Site
LOC000655,Manchester - Client Site,C020,United Kingdom,Manchester,EMEA,Client Site
LOC000656,Frankfurt - Office,C028,Germany,Frankfurt,EMEA,Office
LOC000657,Utrecht - Office,C005,Netherlands,Utrecht,EMEA,Office
LOC000658,New York - Office,C036,United States,New York,Americas,Office
LOC000659,Atlanta - Office,C027,United States,Atlanta,Americas,Office
LOC000660,Chicago - Client Site,C039,United States,Chicago,Americas,Client Site
LOC000661,Amsterdam - Client Site,C040,Netherlands,Amsterdam,EMEA,Client Site
LOC000662,Birmingham - Office,C020,United Kingdom,Birmingham,EMEA,Office
LOC000663,Delhi - Remote,C026,India,Delhi,APAC,Remote
LOC000664,Calgary - Client Site,C007,Canada,Calgary,Americas,Client Site
LOC000665,Sydney - Office,C017,Australia,Sydney,APAC,Office
LOC000666,Munich - Remote,C014,Germany,Munich,EMEA,Remote
LOC000667,Mumbai - Office,C025,India,Mumbai,APAC,Office
LOC000668,Barcelona - Remote,C010,Spain,Barcelona,EMEA,Remote
LOC000669,Seattle - Office,C039,United States,Seattle,Americas,Office
LOC000670,New York - Office,C027,United States,New York,Americas,Office
LOC000671,Atlanta - Office,C036,United States,Atlanta,Americas,Office
LOC000672,Atlanta - Office,C012,United States,Atlanta,Americas,Office
LOC000673,Cape Town - Shared Service Center,C032,South Africa,Cape Town,EMEA,Shared Service Center
LOC000674,The Hague - Client Site,C040,Netherlands,The Hague,EMEA,Client Site
LOC000675,Delhi - Shared Service Center,C035,India,Delhi,APAC,Shared Service Center
LOC000676,Sao Paulo - Office,C006,Brazil,Sao Paulo,Americas,Office
LOC000677,Hamburg - Office,C028,Germany,Hamburg,EMEA,Office
LOC000678,San Francisco - Office,C012,United States,San Francisco,Americas,Office
LOC000679,Amsterdam - Office,C005,Netherlands,Amsterdam,EMEA,Office
LOC000680,Perth - Office,C023,Australia,Perth,APAC,Office
LOC000681,Monterrey - Remote,C022,Mexico,Monterrey,Americas,Remote
LOC000682,Berlin - Office,C014,Germany,Berlin,EMEA,Office
LOC000683,Amsterdam - Remote,C040,Netherlands,Amsterdam,EMEA,Remote
LOC000684,Frankfurt - Office,C011,Germany,Frankfurt,EMEA,Office
LOC000685,Queretaro - Client Site,C022,Mexico,Queretaro,Americas,Client Site
LOC000686,Dallas - Office,C037,United States,Dallas,Americas,Office
LOC000687,Chennai - Client Site,C016,India,Chennai,APAC,Client Site
LOC000688,Perth - Remote,C008,Australia,Perth,APAC,Remote
LOC000689,Berlin - Office,C018,Germany,Berlin,EMEA,Office
LOC000690,Vancouver - Shared Service Center,C007,Canada,Vancouver,Americas,Shared Service Center
LOC000691,Boston - Client Site,C027,United States,Boston,Americas,Client Site
LOC000692,Mumbai - Office,C004,India,Mumbai,APAC,Office
LOC000693,Melbourne - Remote,C029,Australia,Melbourne,APAC,Remote
LOC000694,Ottawa - Shared Service Center,C007,Canada,Ottawa,Americas,Shared Service Center
LOC000695,Rio de Janeiro - Office,C002,Brazil,Rio de Janeiro,Americas,Office
LOC000696,Rio de Janeiro - Office,C006,Brazil,Rio de Janeiro,Americas,Office
LOC000697,Melbourne - Client Site,C023,Australia,Melbourne,APAC,Client Site
LOC000698,Yokohama - Office,C038,Japan,Yokohama,APAC,Office
LOC000699,New York - Office,C012,United States,New York,Americas,Office
LOC000700,Hyderabad - Remote,C021,India,Hyderabad,APAC,Remote
LOC000701,Guadalajara - Client Site,C022,Mexico,Guadalajara,Americas,Client Site
LOC000702,Boston - Client Site,C019,United States,Boston,Americas,Client Site
LOC000703,Brisbane - Office,C008,Australia,Brisbane,APAC,Office
LOC000704,New York - Office,C036,United States,New York,Americas,Office
LOC000705,Mumbai - Office,C025,India,Mumbai,APAC,Office
LOC000706,Utrecht - Office,C005,Netherlands,Utrecht,EMEA,Office
LOC000707,Hamburg - Office,C033,Germany,Hamburg,EMEA,Office
LOC000708,Mexico City - Office,C009,Mexico,Mexico City,Americas,Office
LOC000709,Berlin - Remote,C014,Germany,Berlin,EMEA,Remote
LOC000710,Munich - Remote,C018,Germany,Munich,EMEA,Remote
LOC000711,Pune - Remote,C004,India,Pune,APAC,Remote
LOC000712,Chennai - Office,C025,India,Chennai,APAC,Office
LOC000713,Edinburgh - Client Site,C015,United Kingdom,Edinburgh,EMEA,Client Site
LOC000714,Durban - Client Site,C032,South Africa,Durban,EMEA,Client Site
LOC000715,Hyderabad - Remote,C025,India,Hyderabad,APAC,Remote
LOC000716,Calgary - Office,C007,Canada,Calgary,Americas,Office
LOC000717,Rotterdam - Shared Service Center,C040,Netherlands,Rotterdam,EMEA,Shared Service Center
LOC000718,Dallas - Client Site,C027,United States,Dallas,Americas,Client Site
LOC000719,Brisbane - Office,C008,Australia,Brisbane,APAC,Office
LOC000720,Queretaro - Office,C009,Mexico,Queretaro,Americas,Office
LOC000721,Hyderabad - Office,C004,India,Hyderabad,APAC,Office
LOC000722,Frankfurt - Office,C003,Germany,Frankfurt,EMEA,Office
LOC000723,Tokyo - Office,C038,Japan,Tokyo,APAC,Office
LOC000724,Boston - Remote,C027,United States,Boston,Americas,Remote
LOC000725,New York - Office,C039,United States,New York,Americas,Office
LOC000726,Pune - Office,C030,India,Pune,APAC,Office
LOC000727,Seattle - Office,C027,United States,Seattle,Americas,Office
LOC000728,Bengaluru - Office,C004,India,Bengaluru,APAC,Office
LOC000729,Hyderabad - Client Site,C026,India,Hyderabad,APAC,Client Site
LOC000730,Guadalajara - Office,C001,Mexico,Guadalajara,Americas,Office
LOC000731,Munich - Office,C033,Germany,Munich,EMEA,Office
LOC000732,Berlin - Office,C011,Germany,Berlin,EMEA,Office
LOC000733,Frankfurt - Office,C033,Germany,Frankfurt,EMEA,Office
LOC000734,Canberra - Office,C017,Australia,Canberra,APAC,Office
LOC000735,Atlanta - Office,C027,United States,Atlanta,Americas,Office
LOC000736,Mumbai - Office,C021,India,Mumbai,APAC,Office
LOC000737,Guadalajara - Office,C022,Mexico,Guadalajara,Americas,Office
LOC000738,Yokohama - Client Site,C038,Japan,Yokohama,APAC,Client Site
LOC000739,Johannesburg - Office,C032,South Africa,Johannesburg,EMEA,Office
LOC000740,Chicago - Office,C037,United States,Chicago,Americas,Office
LOC000741,Abu Dhabi - Office,C013,United Arab Emirates,Abu Dhabi,EMEA,Office
LOC000742,Melbourne - Remote,C017,Australia,Melbourne,APAC,Remote
LOC000743,Calgary - Office,C007,Canada,Calgary,Americas,Office
LOC000744,Munich - Office,C018,Germany,Munich,EMEA,Office
LOC000745,Manchester - Shared Service Center,C020,United Kingdom,Manchester,EMEA,Shared Service Center
LOC000746,Nagoya - Office,C038,Japan,Nagoya,APAC,Office
LOC000747,Dubai - Shared Service Center,C013,United Arab Emirates,Dubai,EMEA,Shared Service Center
LOC000748,Pune - Remote,C021,India,Pune,APAC,Remote
LOC000749,Delhi - Client Site,C026,India,Delhi,APAC,Client Site
LOC000750,Berlin - Office,C028,Germany,Berlin,EMEA,Office
